mean, std
333.3941427779627, 14.50791035895062
666.6058572220367, 14.50791035895046